architecture_name,average_training_acc,average_training_f1,average_training_loss,average_val_acc,average_val_f1,average_val_loss,vocab_size,embedding_dim,epochs,batch_size,lemmatize,stem,remove_stopwords,custom_stopwords,selection_metric,f1_type,use_class_weights
test,0.2505639955401421,0.09227491766214371,3.151899719238281,0.4993333399295807,0.16147567927837372,2.7886066913604735,500,768,1,32,False,False,False,,accuracy,macro,True
Test2,0.8437959790229798,0.5166057527065278,1.533601951599121,0.8111111044883728,0.4526764631271362,1.0212501764297486,500,768,5,32,False,False,False,,accuracy,macro,True
test_20241017_205204,0.8127023100852966,0.3888007879257202,2.4568440914154053,0.8417777776718139,0.3859871566295624,1.4914098024368285,500,768,3,32,False,False,False,,accuracy,macro,True
