architecture_name,best_model_training_acc,best_model_training_f1,best_model_validation_acc,best_model_validation_f1,vocab_size,embedding_dim,epochs,batch_size,lemmatize,stem,remove_stopwords,custom_stopwords,selection_metric,f1_type,use_class_weights
test,0.2457086741924286,0.08535946160554886,0.846666693687439,0.19524502754211426,500,768,1,32,False,False,False,,accuracy,macro,True
Test2,0.8798430562019348,0.5530601739883423,0.8899999856948853,0.4743269681930542,500,768,5,32,False,False,False,,accuracy,macro,True
test_20241017_205204,0.7743992209434509,0.4407215118408203,0.8655555844306946,0.4348819851875305,500,768,3,32,False,False,False,,accuracy,macro,True
test_20241017_220327,0.9561059474945068,0.8345125317573547,0.9399999976158142,0.5890884399414062,500,768,10,32,False,False,False,,accuracy,macro,True
test_1017_2211,0.9325649738311768,0.7775102257728577,0.9155555367469788,0.5647046566009521,500,256,10,32,False,False,False,,accuracy,macro,True
