architecture_name,run_number,epoch,training_acc,training_f1,training_loss,val_acc,val_f1,val_loss,vocab_size,embedding_dim,epochs,batch_size,lemmatize,stem,remove_stopwords,custom_stopwords,selection_metric,f1_type,use_class_weights
test,1,1,0.25625306367874146,0.12040620297193527,3.171466827392578,0.4055555462837219,0.20375509560108185,2.8723084926605225,500,768,1,32,False,False,False,,accuracy,macro,True
test,2,1,0.07675331085920334,0.07359529286623001,3.1197147369384766,0.2711111009120941,0.11091744899749756,2.8646621704101562,500,768,1,32,False,False,False,,accuracy,macro,True
test,3,1,0.5875428915023804,0.10020626336336136,3.174267292022705,0.7866666913032532,0.15039996802806854,2.4680140018463135,500,768,1,32,False,False,False,,accuracy,macro,True
test,4,1,0.2457086741924286,0.08535946160554886,3.1878132820129395,0.846666693687439,0.19524502754211426,2.7300527095794678,500,768,1,32,False,False,False,,accuracy,macro,True
test,5,1,0.08656203746795654,0.08180736750364304,3.106236457824707,0.18666666746139526,0.14706085622310638,3.007996082305908,500,768,1,32,False,False,False,,accuracy,macro,True
